version,num_features,accuracy
baseline,8,0.8044692737430168
engineered,15,0.8100558659217877
